{"showFXflux":[{"rotation_euler":[[[[0.0,0.0,-0.06506858269373576,0.0,0.06506858269373576,0.0,2],[0.16666666666666666,0.0,0.10159808794657389,0.0,0.23173524538675944,0.0,2]],0],[[[0.0,0.0,-0.06506858269373576,0.0,0.06506858269373576,0.0,2],[0.16666666666666666,0.0,0.10159808794657389,0.0,0.23173524538675944,0.0,2]],0],[[[0.0,0.0,-0.06506858269373576,0.0,0.06506858269373576,0.0,2],[0.16666666666666666,0.0,0.10159808794657389,0.0,0.23173524538675944,0.0,2]],0]],"location":[[[[0.0,0.0,-0.06506858269373576,0.0,0.06506858269373576,0.0,2],[0.16666666666666666,0.0,0.10159808794657389,0.0,0.23173524538675944,0.0,2]],0],[[[0.0,2.0,-0.06506858269373576,2.0,0.06506858269373576,2.0,2],[0.16666666666666666,2.0,0.10159808794657389,2.0,0.23173524538675944,2.0,2]],0],[[[0.0,0.0,-0.06506858269373576,0.0,0.06506858269373576,0.0,2],[0.16666666666666666,1.0,0.10159808794657389,1.0,0.23173524538675944,1.0,2]],0]],"scale":[[[[0.0,1.0,-0.06506858269373576,1.0,0.06506858269373576,1.0,2],[0.16666666666666666,1.0,0.10159808794657389,1.0,0.23173524538675944,1.0,2]],0],[[[0.0,1.0,-0.06506858269373576,1.0,0.06506858269373576,1.0,2],[0.16666666666666666,1.0,0.10159808794657389,1.0,0.23173524538675944,1.0,2]],0],[[[0.0,1.0,-0.06506858269373576,1.0,0.06506858269373576,1.0,2],[0.16666666666666666,1.0,0.10159808794657389,1.0,0.23173524538675944,1.0,2]],0]]}],"target":[{"location":[[[[0.0,0.0,-0.016666666666666666,0.0,0.016666666666666666,0.0,2]],0],[[[0.0,0.0,-0.016666666666666666,0.0,0.016666666666666666,0.0,2]],0],[[[0.0,0.0,-0.016666666666666666,0.0,0.016666666666666666,0.0,2]],0]]}],"showFXlinks":[{"rotation_euler":[[[[0.0,0.0,-0.06506858269373576,0.0,0.06506858269373576,0.0,2],[0.16666666666666666,0.0,0.10159808794657389,0.0,0.23173524538675944,0.0,2]],0],[[[0.0,0.0,-0.06506858269373576,0.0,0.06506858269373576,0.0,2],[0.16666666666666666,0.0,0.10159808794657389,0.0,0.23173524538675944,0.0,2]],0],[[[0.0,0.0,-0.06506858269373576,0.0,0.06506858269373576,0.0,2],[0.16666666666666666,0.0,0.10159808794657389,0.0,0.23173524538675944,0.0,2]],0]],"location":[[[[0.0,0.0,-0.06506858269373576,0.0,0.06506858269373576,0.0,2],[0.16666666666666666,0.0,0.10159808794657389,0.0,0.23173524538675944,0.0,2]],0],[[[0.0,0.0,-0.06506858269373576,0.0,0.06506858269373576,0.0,2],[0.16666666666666666,0.0,0.10159808794657389,0.0,0.23173524538675944,0.0,2]],0],[[[0.0,0.0,-0.06506858269373576,0.0,0.06506858269373576,0.0,2],[0.16666666666666666,1.0,0.10159808794657389,1.0,0.23173524538675944,1.0,2]],0]],"scale":[[[[0.0,1.0,-0.06506858269373576,1.0,0.06506858269373576,1.0,2],[0.16666666666666666,1.0,0.10159808794657389,1.0,0.23173524538675944,1.0,2]],0],[[[0.0,1.0,-0.06506858269373576,1.0,0.06506858269373576,1.0,2],[0.16666666666666666,1.0,0.10159808794657389,1.0,0.23173524538675944,1.0,2]],0],[[[0.0,1.0,-0.06506858269373576,1.0,0.06506858269373576,1.0,2],[0.16666666666666666,1.0,0.10159808794657389,1.0,0.23173524538675944,1.0,2]],0]]}],"camera":[{"location":[[[[0.0,2.278582811355591,-0.016666666666666666,2.278582811355591,0.016666666666666666,2.278582811355591,2]],0],[[[0.0,-1.8260838985443115,-0.016666666666666666,-1.8260838985443115,0.016666666666666666,-1.8260838985443115,2]],0],[[[0.0,1.0440658330917358,-0.016666666666666666,1.0440658330917358,0.016666666666666666,1.0440658330917358,2]],0]]}],"showFXlines":[{"rotation_euler":[[[[0.0,0.0,-0.06506858269373576,0.0,0.06506858269373576,0.0,2],[0.16666666666666666,0.0,0.10159808794657389,0.0,0.23173524538675944,0.0,2]],0],[[[0.0,0.0,-0.06506858269373576,0.0,0.06506858269373576,0.0,2],[0.16666666666666666,0.0,0.10159808794657389,0.0,0.23173524538675944,0.0,2]],0],[[[0.0,0.0,-0.06506858269373576,0.0,0.06506858269373576,0.0,2],[0.16666666666666666,0.0,0.10159808794657389,0.0,0.23173524538675944,0.0,2]],0]],"location":[[[[0.0,0.0,-0.06506858269373576,0.0,0.06506858269373576,0.0,2],[0.16666666666666666,0.0,0.10159808794657389,0.0,0.23173524538675944,0.0,2]],0],[[[0.0,1.0,-0.06506858269373576,1.0,0.06506858269373576,1.0,2],[0.16666666666666666,1.0,0.10159808794657389,1.0,0.23173524538675944,1.0,2]],0],[[[0.0,0.0,-0.06506858269373576,0.0,0.06506858269373576,0.0,2],[0.16666666666666666,1.0,0.10159808794657389,1.0,0.23173524538675944,1.0,2]],0]],"scale":[[[[0.0,1.0,-0.06506858269373576,1.0,0.06506858269373576,1.0,2],[0.16666666666666666,1.0,0.10159808794657389,1.0,0.23173524538675944,1.0,2]],0],[[[0.0,1.0,-0.06506858269373576,1.0,0.06506858269373576,1.0,2],[0.16666666666666666,1.0,0.10159808794657389,1.0,0.23173524538675944,1.0,2]],0],[[[0.0,1.0,-0.06506858269373576,1.0,0.06506858269373576,1.0,2],[0.16666666666666666,1.0,0.10159808794657389,1.0,0.23173524538675944,1.0,2]],0]]}],"EmptyAction":[{"location":[[[[0.016666666666666666,0.0,-0.12648421923319497,0.0,0.15981755256652833,0.0,2],[0.3833333333333333,0.0,0.24018244743347167,0.0,0.5264842351277669,0.0,2]],0],[[[0.016666666666666666,0.0,0.0,0.0,0.03333333333333333,0.0,2]],0],[[[0.016666666666666666,0.0,0.0,0.0,0.03333333333333333,0.0,2]],0]]}]}